{"precision": 0.9355663169222491, "recall": 0.9266666666666666, "accuracy": 0.9266666666666666}