{"precision": 0.9278476589797345, "recall": 0.917150225660864, "accuracy": 0.9185185185185185}